﻿<parameters>
  <parameter name="IIS Web Application Name" defaultValue="MvcTestDeployApp" tags="IisApp">
    <parameterEntry kind="ProviderPath" scope="IisApp" match="^C:\\Users\\hkyupelyan\\source\\repos\\MvcTestDeployApp\\MvcTestDeployApp\\obj\\Release\\Package\\PackageTmp$" />
    <parameterEntry kind="ProviderPath" scope="setAcl" match="^C:\\Users\\hkyupelyan\\source\\repos\\MvcTestDeployApp\\MvcTestDeployApp\\obj\\Release\\Package\\PackageTmp$" />
  </parameter>
  <parameter name="MvcTestDeployAppContext-Web.config Connection String" defaultValue="Data Source=SQL2016CLGROUP;Initial Catalog=MvcTestDeployApp;Integrated Security=True">
    <parameterEntry kind="XmlFile" scope="C:\\Users\\hkyupelyan\\source\\repos\\MvcTestDeployApp\\MvcTestDeployApp\\obj\\Release\\Package\\PackageTmp\\Web\.config$" match="/configuration/connectionStrings/add[@name='MvcTestDeployAppContext']/@connectionString" />
  </parameter>
  <parameter name="MvcTestDeployAppContext_DatabasePublish-Web.config Connection String" description="MvcTestDeployAppContext Connection String used by Entity Framework Code First Model to deploy the database." defaultValue="Data Source=SQL2016CLGROUP;Initial Catalog=MvcTestDeployApp;Integrated Security=True">
    <parameterEntry kind="XmlFile" scope="C:\\Users\\hkyupelyan\\source\\repos\\MvcTestDeployApp\\MvcTestDeployApp\\obj\\Release\\Package\\PackageTmp\\Web\.config$" match="/configuration/connectionStrings/add[@name='MvcTestDeployAppContext_DatabasePublish']/@connectionString" />
  </parameter>
</parameters>